{ "_id" : "GTQ", "balanceSum" : 5806.3, "avgSum" : 5806.3 }
{ "_id" : "CZK", "balanceSum" : 37156.42, "avgSum" : 4644.5525 }
{ "_id" : "YER", "balanceSum" : 13712.5, "avgSum" : 4570.833333333333 }
{ "_id" : "PLN", "balanceSum" : 90770.78, "avgSum" : 5042.821111111111 }
{ "_id" : "NGN", "balanceSum" : 24946.23, "avgSum" : 4157.705 }
{ "_id" : "XAF", "balanceSum" : 14094.66, "avgSum" : 4698.22 }
{ "_id" : "RSD", "balanceSum" : 4276.56, "avgSum" : 4276.56 }
{ "_id" : "PYG", "balanceSum" : 4874.69, "avgSum" : 4874.69 }
{ "_id" : "COP", "balanceSum" : 19746.73, "avgSum" : 4936.6825 }
{ "_id" : "ALL", "balanceSum" : 3325.48, "avgSum" : 3325.48 }
{ "_id" : "USD", "balanceSum" : 74680.98, "avgSum" : 4978.732 }
{ "_id" : "ARS", "balanceSum" : 23242, "avgSum" : 4648.4 }
{ "_id" : "NZD", "balanceSum" : 5328.46, "avgSum" : 5328.46 }
{ "_id" : "BYR", "balanceSum" : 5095.79, "avgSum" : 5095.79 }
{ "_id" : "IQD", "balanceSum" : 4269.39, "avgSum" : 4269.39 }
{ "_id" : "IDR", "balanceSum" : 323922.59, "avgSum" : 4907.918030303031 }
{ "_id" : "LYD", "balanceSum" : 8764.99, "avgSum" : 4382.495 }
{ "_id" : "NOK", "balanceSum" : 4773.66, "avgSum" : 4773.66 }
{ "_id" : "BRL", "balanceSum" : 49632.020000000004, "avgSum" : 4512.001818181819 }
{ "_id" : "XOF", "balanceSum" : 17882.05, "avgSum" : 5960.683333333333 }