{ "_id" : "Male", "avgWeight" : 70.01344841510196, "avgHeight" : 166.73765596608115 }
{ "_id" : "Female", "avgWeight" : 70.11331573604062, "avgHeight" : 166.81260913705583 }