{ "_id" : "Colombia", "avgBmi" : 25.779858026548695, "minBmi" : 18.549317336103282, "maxBmi" : 35.4010351305359 }
{ "_id" : "Belize", "avgBmi" : 23.220039319907464, "minBmi" : 18.424047224128543, "maxBmi" : 26.223416613448425 }
{ "_id" : "Argentina", "avgBmi" : 25.676814042428507, "minBmi" : 17.58733455568425, "maxBmi" : 34.13224063185604 }
{ "_id" : "United Arab Emirates", "avgBmi" : 26.572025231735637, "minBmi" : 23.390978608691803, "maxBmi" : 29.75307185477947 }
{ "_id" : "Cape Verde", "avgBmi" : 25.33466174988547, "minBmi" : 19.20724222151505, "maxBmi" : 35.04527266278727 }
{ "_id" : "Liberia", "avgBmi" : 25.901546538832037, "minBmi" : 22.648192657509565, "maxBmi" : 29.63330910128883 }
{ "_id" : "Bulgaria", "avgBmi" : 24.584068264017684, "minBmi" : 18.41576363318103, "maxBmi" : 32.59850336330581 }
{ "_id" : "Aland Islands", "avgBmi" : 28.16261648965891, "minBmi" : 22.422508995430608, "maxBmi" : 33.92911214898955 }
{ "_id" : "Malta", "avgBmi" : 26.169580448971242, "minBmi" : 22.1203842493067, "maxBmi" : 36.019789085882365 }
{ "_id" : "Switzerland", "avgBmi" : 25.709469378677753, "minBmi" : 20.192102704387427, "maxBmi" : 31.153535521833078 }
{ "_id" : "Montenegro", "avgBmi" : 24.00617071684226, "minBmi" : 20.73659089443422, "maxBmi" : 29.526909667433994 }
{ "_id" : "Pakistan", "avgBmi" : 25.02816349688192, "minBmi" : 17.507302336811122, "maxBmi" : 35.54144749573527 }
{ "_id" : "Dominica", "avgBmi" : 26.421476125521515, "minBmi" : 26.421476125521515, "maxBmi" : 26.421476125521515 }
{ "_id" : "Syria", "avgBmi" : 25.379241567006584, "minBmi" : 18.668899303500158, "maxBmi" : 36.40174893568621 }
{ "_id" : "Guatemala", "avgBmi" : 25.742899593543548, "minBmi" : 19.619608992088942, "maxBmi" : 32.13075314700059 }
{ "_id" : "Iraq", "avgBmi" : 24.097732336776872, "minBmi" : 17.811382149213077, "maxBmi" : 33.23798843565602 }
{ "_id" : "Saint Lucia", "avgBmi" : 23.007900513203566, "minBmi" : 20.2633593560356, "maxBmi" : 27.57036153167093 }
{ "_id" : "Hong Kong", "avgBmi" : 27.28283221221082, "minBmi" : 27.28283221221082, "maxBmi" : 27.28283221221082 }
{ "_id" : "Ecuador", "avgBmi" : 25.66255028757021, "minBmi" : 19.837789435759387, "maxBmi" : 31.540757595400457 }
{ "_id" : "Seychelles", "avgBmi" : 25.710551755136727, "minBmi" : 25.710551755136727, "maxBmi" : 25.710551755136727 }