{ "result" : "map_reduce_bmis", "ok" : 1 }

{ "_id" : "Nigeria", "value" : { "avgBmi" : 24.802388203011226, "minBmi" : 16.860335772659223, "maxBmi" : 36.16277887197437 } }
{ "_id" : "Lebanon", "value" : { "avgBmi" : 27.50900155800487, "minBmi" : 22.696782965005376, "maxBmi" : 32.444431072334524 } }
{ "_id" : "Montenegro", "value" : { "avgBmi" : 24.006170716842263, "minBmi" : 20.73659089443422, "maxBmi" : 29.526909667433994 } }
{ "_id" : "Malta", "value" : { "avgBmi" : 26.169580448971242, "minBmi" : 22.1203842493067, "maxBmi" : 36.019789085882365 } }
{ "_id" : "Bulgaria", "value" : { "avgBmi" : 24.58406826401768, "minBmi" : 18.41576363318103, "maxBmi" : 32.59850336330581 } }
{ "_id" : "Aland Islands", "value" : { "avgBmi" : 28.16261648965891, "minBmi" : 22.422508995430608, "maxBmi" : 33.92911214898955 } }
{ "_id" : "Switzerland", "value" : { "avgBmi" : 25.709469378677753, "minBmi" : 20.192102704387427, "maxBmi" : 31.153535521833078 } }
{ "_id" : "Argentina", "value" : { "avgBmi" : 25.676814042428514, "minBmi" : 17.58733455568425, "maxBmi" : 34.13224063185604 } }
{ "_id" : "United Arab Emirates", "value" : { "avgBmi" : 26.572025231735637, "minBmi" : 23.390978608691803, "maxBmi" : 29.75307185477947 } }
{ "_id" : "Colombia", "value" : { "avgBmi" : 25.779858026548705, "minBmi" : 18.549317336103282, "maxBmi" : 35.4010351305359 } }
{ "_id" : "Cape Verde", "value" : { "avgBmi" : 25.334661749885473, "minBmi" : 19.20724222151505, "maxBmi" : 35.04527266278727 } }
{ "_id" : "Liberia", "value" : { "avgBmi" : 25.901546538832037, "minBmi" : 22.648192657509565, "maxBmi" : 29.63330910128883 } }
{ "_id" : "Senegal", "value" : { "avgBmi" : 23.415570863855166, "minBmi" : 21.10083404913989, "maxBmi" : 26.591448446940536 } }
{ "_id" : "Seychelles", "value" : { "avgBmi" : 25.710551755136727, "minBmi" : 25.710551755136727, "maxBmi" : 25.710551755136727 } }
{ "_id" : "Belize", "value" : { "avgBmi" : 23.22003931990746, "minBmi" : 18.424047224128543, "maxBmi" : 26.223416613448425 } }
{ "_id" : "Ecuador", "value" : { "avgBmi" : 25.662550287570205, "minBmi" : 19.837789435759387, "maxBmi" : 31.540757595400457 } }
{ "_id" : "Iraq", "value" : { "avgBmi" : 24.097732336776872, "minBmi" : 17.811382149213077, "maxBmi" : 33.23798843565602 } }
{ "_id" : "Saint Lucia", "value" : { "avgBmi" : 23.007900513203566, "minBmi" : 20.2633593560356, "maxBmi" : 27.57036153167093 } }
{ "_id" : "Guatemala", "value" : { "avgBmi" : 25.742899593543548, "minBmi" : 19.619608992088942, "maxBmi" : 32.13075314700059 } }
{ "_id" : "Pakistan", "value" : { "avgBmi" : 25.028163496881913, "minBmi" : 17.507302336811122, "maxBmi" : 35.54144749573527 } }